{"current_season":"2025-2026","timestamp":"2025-10-08T05:16:35.697848Z","n_features":88,"test_gws":[4,5,6,7],"n_train":29651,"n_test":2966,"ridge":{"r2":0.3399586496,"mae":0.9835267831,"rmse":1.8494492755},"random_forest":{"r2":0.2765781566,"mae":1.1184378512,"rmse":1.9362109033}}